{"nm":"AI Assistant","ddd":0,"h":1000,"w":1000,"meta":{"g":"@lottiefiles/toolkit-js 0.26.1"},"layers":[{"ty":4,"nm":"Shape 5","sr":1,"st":0,"op":600,"ip":0,"hd":false,"ddd":0,"bm":0,"hasMask":false,"td":1,"ao":0,"ks":{"a":{"a":0,"k":[247.647,257.059,0],"ix":1},"s":{"a":0,"k":[150,150,100],"ix":6},"sk":{"a":0,"k":0},"p":{"a":0,"k":[500,500,0],"ix":2},"r":{"a":0,"k":0,"ix":10},"sa":{"a":0,"k":0},"o":{"a":0,"k":100,"ix":11}},"ef":[],"shapes":[{"ty":"gr","bm":0,"hd":false,"mn":"ADBE Vector Group","nm":"Group 1","ix":1,"cix":2,"np":2,"it":[{"ty":"sh","bm":0,"hd":false,"mn":"ADBE Vector Shape - Group","nm":"Path 1","ix":1,"d":1,"ks":{"a":0,"k":{"c":true,"i":[[5.221,5.221],[0,0],[-5.221,5.221],[0,0],[-5.221,-5.221],[0,0],[5.221,-5.221],[0,0]],"o":[[0,0],[-5.221,-5.221],[0,0],[5.221,-5.221],[0,0],[5.221,5.221],[0,0],[-5.221,5.221]],"v":[[-9.454,144.724],[-144.724,9.454],[-144.724,-9.453],[-9.454,-144.724],[9.453,-144.724],[144.723,-9.453],[144.723,9.454],[9.453,144.724]]},"ix":2}},{"ty":"fl","bm":0,"hd":false,"mn":"ADBE Vector Graphic - Fill","nm":"Fill 1","c":{"a":0,"k":[1,1,1],"ix":4},"r":1,"o":{"a":0,"k":100,"ix":5}},{"ty":"tr","a":{"a":0,"k":[0,0],"ix":1},"s":{"a":0,"k":[100,100],"ix":3},"sk":{"a":0,"k":0,"ix":4},"p":{"a":0,"k":[246.552,255.748],"ix":2},"r":{"a":0,"k":0,"ix":6},"sa":{"a":0,"k":0,"ix":5},"o":{"a":0,"k":100,"ix":7}}]}],"ind":1},{"ty":4,"nm":"Layer 2","sr":1,"st":0,"op":2700,"ip":0,"hd":false,"ddd":0,"bm":1,"tt":1,"hasMask":false,"ao":0,"ks":{"a":{"a":0,"k":[0,0,0],"ix":1},"s":{"a":1,"k":[{"o":{"x":0.167,"y":0.167},"i":{"x":0.833,"y":0.833},"s":[108,108,100],"t":35},{"o":{"x":0.167,"y":0.167},"i":{"x":0.833,"y":0.833},"s":[108,153,100],"t":56},{"o":{"x":0.167,"y":0.167},"i":{"x":0.833,"y":0.833},"s":[108,108,100],"t":80},{"o":{"x":0.167,"y":0.167},"i":{"x":0.833,"y":0.833},"s":[108,108,100],"t":184},{"o":{"x":0.167,"y":0.167},"i":{"x":0.833,"y":0.833},"s":[108,153,100],"t":205},{"s":[108,108,100],"t":229}],"ix":6},"sk":{"a":0,"k":0},"p":{"a":1,"k":[{"o":{"x":0.333,"y":0},"i":{"x":0.667,"y":1},"s":[262,504.982,0],"t":-2,"ti":[0,0,0],"to":[74,1.246,0]},{"o":{"x":0.333,"y":0},"i":{"x":0.833,"y":1},"s":[706,512.461,0],"t":102,"ti":[74,1.246,0],"to":[0,0,0]},{"s":[262,504.982,0],"t":281}],"ix":2},"r":{"a":0,"k":0,"ix":10},"sa":{"a":0,"k":0},"o":{"a":0,"k":55,"ix":11}},"ef":[],"shapes":[{"ty":"gr","bm":0,"hd":false,"mn":"ADBE Vector Group","nm":"Group 1","ix":1,"cix":2,"np":1,"it":[{"ty":"sh","bm":0,"hd":false,"mn":"ADBE Vector Shape - Group","nm":"Path 1","ix":1,"d":1,"ks":{"a":0,"k":{"c":true,"i":[[0,0],[9.284,9.284],[0,0],[14.849,-13.258],[0,0],[3.942,3.909],[0,0],[30.849,-28.662],[12.825,-11.186],[5.558,2.424],[2.601,2.601],[0,0],[14.849,-13.258],[0,0],[3.942,3.909],[0,0],[30.849,-28.662],[12.825,-11.186],[5.815,3.191],[12.739,6.885],[0,-29.004],[0,0],[-25.516,13.79],[-8.008,4.394],[-4.999,-4.36],[-23.293,-21.641],[-29.901,29.649],[0,0],[-4.141,-3.698],[0,0],[-14.076,14.076],[0,0],[-3.163,1.658],[-4.635,-4.042],[-23.293,-21.641],[-29.901,29.649],[0,0],[-4.141,-3.698],[0,0],[-14.076,14.076],[0,0],[-12.597,-3.705],[0,0],[0,0]],"o":[[-12.597,3.705],[0,0],[-14.076,-14.076],[0,0],[-4.141,3.698],[0,0],[-29.901,-29.649],[-23.293,21.641],[-4.635,4.042],[-3.163,-1.659],[0,0],[-14.076,-14.076],[0,0],[-4.141,3.698],[0,0],[-29.901,-29.649],[-23.293,21.641],[-4.999,4.36],[-8.008,-4.394],[-25.516,-13.79],[0,0],[0,29.004],[12.739,-6.885],[5.815,-3.191],[12.825,11.186],[30.849,28.662],[0,0],[3.942,-3.909],[0,0],[14.849,13.258],[0,0],[2.601,-2.601],[5.558,-2.424],[12.825,11.186],[30.849,28.662],[0,0],[3.942,-3.909],[0,0],[14.849,13.258],[0,0],[9.284,-9.284],[0,0],[0,0],[0,0]],"v":[[395.434,-12.51],[359.939,-21.561],[350.082,-31.418],[298.541,-32.876],[276.371,-13.081],[261.983,-13.458],[203.691,-71.26],[94.978,-73.022],[33.349,-17.751],[16.651,-15.175],[7.939,-21.561],[-1.918,-31.418],[-53.459,-32.876],[-75.629,-13.081],[-90.017,-13.458],[-148.309,-71.26],[-257.022,-73.022],[-318.651,-17.751],[-336.643,-15.804],[-369.495,-33.703],[-426,0],[-426,0],[-369.495,33.703],[-336.643,15.804],[-318.651,17.751],[-257.022,73.022],[-148.309,71.26],[-90.017,13.458],[-75.629,13.081],[-53.459,32.876],[-1.918,31.418],[7.939,21.561],[16.651,15.176],[33.349,17.751],[94.978,73.022],[203.691,71.26],[261.983,13.458],[276.371,13.081],[298.541,32.876],[350.082,31.418],[359.939,21.561],[395.434,12.51],[426,21.5],[426,-21.5]]},"ix":2}},{"ty":"tr","a":{"a":0,"k":[0,0],"ix":1},"s":{"a":0,"k":[100,100],"ix":3},"sk":{"a":0,"k":0,"ix":4},"p":{"a":0,"k":[0,0],"ix":2},"r":{"a":0,"k":0,"ix":6},"sa":{"a":0,"k":0,"ix":5},"o":{"a":0,"k":100,"ix":7}}]},{"ty":"gf","bm":0,"hd":false,"mn":"ADBE Vector Graphic - G-Fill","nm":"Gradient Fill 1","e":{"a":0,"k":[-144,249],"ix":6},"g":{"p":3,"k":{"a":0,"k":[0,1,0.2196078431372549,0.09803921568627451,0.59,1,0.4588235294117647,0.4588235294117647,1,1,0,0],"ix":9}},"t":1,"a":{"a":0,"k":0},"h":{"a":0,"k":0},"s":{"a":0,"k":[-6,375],"ix":5},"r":1,"o":{"a":0,"k":100,"ix":10}}],"ind":2},{"ty":4,"nm":"Shape 4","sr":1,"st":0,"op":600,"ip":0,"hd":false,"ddd":0,"bm":0,"hasMask":false,"td":1,"ao":0,"ks":{"a":{"a":0,"k":[247.647,257.059,0],"ix":1},"s":{"a":0,"k":[150,150,100],"ix":6},"sk":{"a":0,"k":0},"p":{"a":0,"k":[500,500,0],"ix":2},"r":{"a":0,"k":0,"ix":10},"sa":{"a":0,"k":0},"o":{"a":0,"k":100,"ix":11}},"ef":[],"shapes":[{"ty":"gr","bm":0,"hd":false,"mn":"ADBE Vector Group","nm":"Group 1","ix":1,"cix":2,"np":2,"it":[{"ty":"sh","bm":0,"hd":false,"mn":"ADBE Vector Shape - Group","nm":"Path 1","ix":1,"d":1,"ks":{"a":0,"k":{"c":true,"i":[[5.221,5.221],[0,0],[-5.221,5.221],[0,0],[-5.221,-5.221],[0,0],[5.221,-5.221],[0,0]],"o":[[0,0],[-5.221,-5.221],[0,0],[5.221,-5.221],[0,0],[5.221,5.221],[0,0],[-5.221,5.221]],"v":[[-9.454,144.724],[-144.724,9.454],[-144.724,-9.453],[-9.454,-144.724],[9.453,-144.724],[144.723,-9.453],[144.723,9.454],[9.453,144.724]]},"ix":2}},{"ty":"fl","bm":0,"hd":false,"mn":"ADBE Vector Graphic - Fill","nm":"Fill 1","c":{"a":0,"k":[1,1,1],"ix":4},"r":1,"o":{"a":0,"k":100,"ix":5}},{"ty":"tr","a":{"a":0,"k":[0,0],"ix":1},"s":{"a":0,"k":[100,100],"ix":3},"sk":{"a":0,"k":0,"ix":4},"p":{"a":0,"k":[246.552,255.748],"ix":2},"r":{"a":0,"k":0,"ix":6},"sa":{"a":0,"k":0,"ix":5},"o":{"a":0,"k":100,"ix":7}}]}],"ind":3},{"ty":4,"nm":"New Anim","sr":1,"st":0,"op":2700,"ip":0,"hd":false,"ddd":0,"bm":1,"tt":1,"hasMask":false,"ao":0,"ks":{"a":{"a":0,"k":[0,0,0],"ix":1},"s":{"a":1,"k":[{"o":{"x":0.167,"y":0.167},"i":{"x":0.833,"y":0.833},"s":[108,108,100],"t":76},{"o":{"x":0.167,"y":0.167},"i":{"x":0.833,"y":0.833},"s":[108,153,100],"t":97},{"o":{"x":0.167,"y":0.167},"i":{"x":0.833,"y":0.833},"s":[108,108,100],"t":121},{"o":{"x":0.167,"y":0.167},"i":{"x":0.833,"y":0.833},"s":[108,108,100],"t":163},{"o":{"x":0.167,"y":0.167},"i":{"x":0.833,"y":0.833},"s":[108,153,100],"t":184},{"s":[108,108,100],"t":208}],"ix":6},"sk":{"a":0,"k":0},"p":{"a":1,"k":[{"o":{"x":0.333,"y":0},"i":{"x":0.667,"y":1},"s":[262,504.982,0],"t":-2,"ti":[0,0,0],"to":[74,1.246,0]},{"o":{"x":0.333,"y":0},"i":{"x":0.833,"y":1},"s":[706,512.461,0],"t":143,"ti":[74,1.246,0],"to":[0,0,0]},{"s":[262,504.982,0],"t":281}],"ix":2},"r":{"a":0,"k":0,"ix":10},"sa":{"a":0,"k":0},"o":{"a":0,"k":47,"ix":11}},"ef":[],"shapes":[{"ty":"gr","bm":0,"hd":false,"mn":"ADBE Vector Group","nm":"Group 1","ix":1,"cix":2,"np":1,"it":[{"ty":"sh","bm":0,"hd":false,"mn":"ADBE Vector Shape - Group","nm":"Path 1","ix":1,"d":1,"ks":{"a":0,"k":{"c":true,"i":[[0,0],[9.284,9.284],[0,0],[14.849,-13.258],[0,0],[3.942,3.909],[0,0],[30.849,-28.662],[12.825,-11.186],[5.558,2.424],[2.601,2.601],[0,0],[14.849,-13.258],[0,0],[3.942,3.909],[0,0],[30.849,-28.662],[12.825,-11.186],[5.815,3.191],[12.739,6.885],[0,-29.004],[0,0],[-25.516,13.79],[-8.008,4.394],[-4.999,-4.36],[-23.293,-21.641],[-29.901,29.649],[0,0],[-4.141,-3.698],[0,0],[-14.076,14.076],[0,0],[-3.163,1.658],[-4.635,-4.042],[-23.293,-21.641],[-29.901,29.649],[0,0],[-4.141,-3.698],[0,0],[-14.076,14.076],[0,0],[-12.597,-3.705],[0,0],[0,0]],"o":[[-12.597,3.705],[0,0],[-14.076,-14.076],[0,0],[-4.141,3.698],[0,0],[-29.901,-29.649],[-23.293,21.641],[-4.635,4.042],[-3.163,-1.659],[0,0],[-14.076,-14.076],[0,0],[-4.141,3.698],[0,0],[-29.901,-29.649],[-23.293,21.641],[-4.999,4.36],[-8.008,-4.394],[-25.516,-13.79],[0,0],[0,29.004],[12.739,-6.885],[5.815,-3.191],[12.825,11.186],[30.849,28.662],[0,0],[3.942,-3.909],[0,0],[14.849,13.258],[0,0],[2.601,-2.601],[5.558,-2.424],[12.825,11.186],[30.849,28.662],[0,0],[3.942,-3.909],[0,0],[14.849,13.258],[0,0],[9.284,-9.284],[0,0],[0,0],[0,0]],"v":[[395.434,-12.51],[359.939,-21.561],[350.082,-31.418],[298.541,-32.876],[276.371,-13.081],[261.983,-13.458],[203.691,-71.26],[94.978,-73.022],[33.349,-17.751],[16.651,-15.175],[7.939,-21.561],[-1.918,-31.418],[-53.459,-32.876],[-75.629,-13.081],[-90.017,-13.458],[-148.309,-71.26],[-257.022,-73.022],[-318.651,-17.751],[-336.643,-15.804],[-369.495,-33.703],[-426,0],[-426,0],[-369.495,33.703],[-336.643,15.804],[-318.651,17.751],[-257.022,73.022],[-148.309,71.26],[-90.017,13.458],[-75.629,13.081],[-53.459,32.876],[-1.918,31.418],[7.939,21.561],[16.651,15.176],[33.349,17.751],[94.978,73.022],[203.691,71.26],[261.983,13.458],[276.371,13.081],[298.541,32.876],[350.082,31.418],[359.939,21.561],[395.434,12.51],[426,21.5],[426,-21.5]]},"ix":2}},{"ty":"tr","a":{"a":0,"k":[0,0],"ix":1},"s":{"a":0,"k":[100,100],"ix":3},"sk":{"a":0,"k":0,"ix":4},"p":{"a":0,"k":[0,0],"ix":2},"r":{"a":0,"k":0,"ix":6},"sa":{"a":0,"k":0,"ix":5},"o":{"a":0,"k":100,"ix":7}}]},{"ty":"gf","bm":0,"hd":false,"mn":"ADBE Vector Graphic - G-Fill","nm":"Gradient Fill 1","e":{"a":0,"k":[-3,74],"ix":6},"g":{"p":3,"k":{"a":0,"k":[0,1,0.14901960784313725,0.14901960784313725,0.5,0.788235294117647,0.5372549019607843,0.5372549019607843,1,0.9215686274509803,0.21176470588235294,0.21176470588235294],"ix":9}},"t":1,"a":{"a":0,"k":0},"h":{"a":0,"k":0},"s":{"a":0,"k":[0,0],"ix":5},"r":1,"o":{"a":0,"k":100,"ix":10}}],"ind":4},{"ty":4,"nm":"Shape 3","sr":1,"st":0,"op":600,"ip":0,"hd":false,"ddd":0,"bm":0,"hasMask":false,"td":1,"ao":0,"ks":{"a":{"a":0,"k":[247.647,257.059,0],"ix":1},"s":{"a":0,"k":[150,150,100],"ix":6},"sk":{"a":0,"k":0},"p":{"a":0,"k":[500,500,0],"ix":2},"r":{"a":0,"k":0,"ix":10},"sa":{"a":0,"k":0},"o":{"a":0,"k":100,"ix":11}},"ef":[],"shapes":[{"ty":"gr","bm":0,"hd":false,"mn":"ADBE Vector Group","nm":"Group 1","ix":1,"cix":2,"np":2,"it":[{"ty":"sh","bm":0,"hd":false,"mn":"ADBE Vector Shape - Group","nm":"Path 1","ix":1,"d":1,"ks":{"a":0,"k":{"c":true,"i":[[5.221,5.221],[0,0],[-5.221,5.221],[0,0],[-5.221,-5.221],[0,0],[5.221,-5.221],[0,0]],"o":[[0,0],[-5.221,-5.221],[0,0],[5.221,-5.221],[0,0],[5.221,5.221],[0,0],[-5.221,5.221]],"v":[[-9.454,144.724],[-144.724,9.454],[-144.724,-9.453],[-9.454,-144.724],[9.453,-144.724],[144.723,-9.453],[144.723,9.454],[9.453,144.724]]},"ix":2}},{"ty":"fl","bm":0,"hd":false,"mn":"ADBE Vector Graphic - Fill","nm":"Fill 1","c":{"a":0,"k":[1,1,1],"ix":4},"r":1,"o":{"a":0,"k":100,"ix":5}},{"ty":"tr","a":{"a":0,"k":[0,0],"ix":1},"s":{"a":0,"k":[100,100],"ix":3},"sk":{"a":0,"k":0,"ix":4},"p":{"a":0,"k":[246.552,255.748],"ix":2},"r":{"a":0,"k":0,"ix":6},"sa":{"a":0,"k":0,"ix":5},"o":{"a":0,"k":100,"ix":7}}]}],"ind":5},{"ty":4,"nm":"Layer 1","sr":1,"st":0,"op":2700,"ip":0,"hd":false,"ddd":0,"bm":0,"tt":1,"hasMask":false,"ao":0,"ks":{"a":{"a":0,"k":[0,0,0],"ix":1},"s":{"a":1,"k":[{"o":{"x":0.333,"y":0},"i":{"x":0.667,"y":1},"s":[93,93,100],"t":0},{"o":{"x":0.333,"y":0},"i":{"x":0.667,"y":1},"s":[93,55,100],"t":114},{"o":{"x":0.333,"y":0},"i":{"x":0.667,"y":1},"s":[93,93,100],"t":145},{"o":{"x":0.333,"y":0},"i":{"x":0.667,"y":1},"s":[93,55,100],"t":174},{"s":[93,93,100],"t":281}],"ix":6},"sk":{"a":0,"k":0},"p":{"a":1,"k":[{"o":{"x":0.167,"y":0.167},"i":{"x":0.833,"y":0.833},"s":[640,504.982,0],"t":0,"ti":[109.833,0,0],"to":[-109.833,0,0]},{"s":[-19,504.982,0],"t":281}],"ix":2},"r":{"a":0,"k":0,"ix":10},"sa":{"a":0,"k":0},"o":{"a":0,"k":100,"ix":11}},"ef":[],"shapes":[{"ty":"gr","bm":0,"hd":false,"mn":"ADBE Vector Group","nm":"Group 1","ix":1,"cix":2,"np":2,"it":[{"ty":"sh","bm":0,"hd":false,"mn":"ADBE Vector Shape - Group","nm":"Path 1","ix":1,"d":1,"ks":{"a":0,"k":{"c":true,"i":[[20.58,-10.79],[9.284,9.284],[0,0],[14.849,-13.258],[0,0],[3.942,3.909],[0,0],[30.849,-28.662],[12.825,-11.186],[5.558,2.424],[2.601,2.601],[0,0],[14.849,-13.258],[0,0],[3.942,3.909],[0,0],[30.849,-28.662],[12.825,-11.186],[5.815,3.191],[12.739,6.885],[0,-29.004],[0,0],[-25.516,13.79],[-8.008,4.394],[-4.999,-4.36],[-23.293,-21.641],[-29.901,29.649],[0,0],[-4.141,-3.698],[0,0],[-14.076,14.076],[0,0],[-3.163,1.658],[-4.635,-4.042],[-23.293,-21.641],[-29.901,29.649],[0,0],[-4.141,-3.698],[0,0],[-14.076,14.076],[0,0],[-10.655,-5.963],[0,0],[0,0]],"o":[[-10.814,5.67],[0,0],[-14.076,-14.076],[0,0],[-4.141,3.698],[0,0],[-29.901,-29.649],[-23.293,21.641],[-4.635,4.042],[-3.163,-1.659],[0,0],[-14.076,-14.076],[0,0],[-4.141,3.698],[0,0],[-29.901,-29.649],[-23.293,21.641],[-4.999,4.36],[-8.008,-4.394],[-25.516,-13.79],[0,0],[0,29.004],[12.739,-6.885],[5.815,-3.191],[12.825,11.186],[30.849,28.662],[0,0],[3.942,-3.909],[0,0],[14.849,13.258],[0,0],[2.601,-2.601],[5.558,-2.424],[12.825,11.186],[30.849,28.662],[0,0],[3.942,-3.909],[0,0],[14.849,13.258],[0,0],[9.284,-9.284],[21.249,11.891],[0,0],[0,0]],"v":[[395.434,-12.51],[359.939,-21.561],[350.082,-31.418],[298.541,-32.876],[276.371,-13.081],[261.983,-13.458],[203.691,-71.26],[94.978,-73.022],[33.349,-17.751],[16.651,-15.175],[7.939,-21.561],[-1.918,-31.418],[-53.459,-32.876],[-75.629,-13.081],[-90.017,-13.458],[-148.309,-71.26],[-257.022,-73.022],[-318.651,-17.751],[-336.643,-15.804],[-369.495,-33.703],[-426,0],[-426,0],[-369.495,33.703],[-336.643,15.804],[-318.651,17.751],[-257.022,73.022],[-148.309,71.26],[-90.017,13.458],[-75.629,13.081],[-53.459,32.876],[-1.918,31.418],[7.939,21.561],[16.651,15.176],[33.349,17.751],[94.978,73.022],[203.691,71.26],[261.983,13.458],[276.371,13.081],[298.541,32.876],[350.082,31.418],[359.939,21.561],[395.434,12.51],[442.874,53.758],[441.798,-54.833]]},"ix":2}},{"ty":"fl","bm":0,"hd":false,"mn":"ADBE Vector Graphic - Fill","nm":"Fill 1","c":{"a":0,"k":[0.9412,0.4431,0.4431],"ix":4},"r":1,"o":{"a":0,"k":100,"ix":5}},{"ty":"tr","a":{"a":0,"k":[0,0],"ix":1},"s":{"a":0,"k":[100,100],"ix":3},"sk":{"a":0,"k":0,"ix":4},"p":{"a":0,"k":[0,0],"ix":2},"r":{"a":0,"k":0,"ix":6},"sa":{"a":0,"k":0,"ix":5},"o":{"a":0,"k":100,"ix":7}}]},{"ty":"gr","bm":0,"hd":false,"mn":"ADBE Vector Group","nm":"Group 2","ix":2,"cix":2,"np":2,"it":[{"ty":"sh","bm":0,"hd":false,"mn":"ADBE Vector Shape - Group","nm":"Path 1","ix":1,"d":1,"ks":{"a":0,"k":{"c":true,"i":[[20.58,-10.79],[9.284,9.284],[0,0],[14.849,-13.258],[0,0],[3.942,3.909],[0,0],[30.849,-28.662],[12.825,-11.186],[5.558,2.424],[2.601,2.601],[0,0],[14.849,-13.258],[0,0],[3.942,3.909],[0,0],[30.849,-28.662],[12.825,-11.186],[5.815,3.191],[12.739,6.885],[0,-29.004],[0,0],[-25.516,13.79],[-8.008,4.394],[-4.999,-4.36],[-23.293,-21.641],[-29.901,29.649],[0,0],[-4.141,-3.698],[0,0],[-14.076,14.076],[0,0],[-3.163,1.658],[-4.635,-4.042],[-23.293,-21.641],[-29.901,29.649],[0,0],[-4.141,-3.698],[0,0],[-14.076,14.076],[0,0],[-10.655,-5.963],[0,0],[0,0]],"o":[[-10.814,5.67],[0,0],[-14.076,-14.076],[0,0],[-4.141,3.698],[0,0],[-29.901,-29.649],[-23.293,21.641],[-4.635,4.042],[-3.163,-1.659],[0,0],[-14.076,-14.076],[0,0],[-4.141,3.698],[0,0],[-29.901,-29.649],[-23.293,21.641],[-4.999,4.36],[-8.008,-4.394],[-25.516,-13.79],[0,0],[0,29.004],[12.739,-6.885],[5.815,-3.191],[12.825,11.186],[30.849,28.662],[0,0],[3.942,-3.909],[0,0],[14.849,13.258],[0,0],[2.601,-2.601],[5.558,-2.424],[12.825,11.186],[30.849,28.662],[0,0],[3.942,-3.909],[0,0],[14.849,13.258],[0,0],[9.284,-9.284],[21.249,11.891],[0,0],[0,0]],"v":[[395.434,-12.51],[359.939,-21.561],[350.082,-31.418],[298.541,-32.876],[276.371,-13.081],[261.983,-13.458],[203.691,-71.26],[94.978,-73.022],[33.349,-17.751],[16.651,-15.175],[7.939,-21.561],[-1.918,-31.418],[-53.459,-32.876],[-75.629,-13.081],[-90.017,-13.458],[-148.309,-71.26],[-257.022,-73.022],[-318.651,-17.751],[-336.643,-15.804],[-369.495,-33.703],[-426,0],[-426,0],[-369.495,33.703],[-336.643,15.804],[-318.651,17.751],[-257.022,73.022],[-148.309,71.26],[-90.017,13.458],[-75.629,13.081],[-53.459,32.876],[-1.918,31.418],[7.939,21.561],[16.651,15.176],[33.349,17.751],[94.978,73.022],[203.691,71.26],[261.983,13.458],[276.371,13.081],[298.541,32.876],[350.082,31.418],[359.939,21.561],[395.434,12.51],[442.861,71.769],[441.785,-68.274]]},"ix":2}},{"ty":"fl","bm":0,"hd":false,"mn":"ADBE Vector Graphic - Fill","nm":"Fill 1","c":{"a":0,"k":[0.9412,0.4431,0.4431],"ix":4},"r":1,"o":{"a":0,"k":100,"ix":5}},{"ty":"tr","a":{"a":0,"k":[0,0],"ix":1},"s":{"a":0,"k":[100,100],"ix":3},"sk":{"a":0,"k":0,"ix":4},"p":{"a":0,"k":[708.602,0],"ix":2},"r":{"a":0,"k":0,"ix":6},"sa":{"a":0,"k":0,"ix":5},"o":{"a":0,"k":100,"ix":7}}]}],"ind":6},{"ty":4,"nm":"Shape 2","sr":1,"st":0,"op":600,"ip":0,"hd":false,"ddd":0,"bm":0,"hasMask":false,"td":1,"ao":0,"ks":{"a":{"a":0,"k":[247.647,257.059,0],"ix":1},"s":{"a":0,"k":[150,150,100],"ix":6},"sk":{"a":0,"k":0},"p":{"a":0,"k":[500,500,0],"ix":2},"r":{"a":0,"k":0,"ix":10},"sa":{"a":0,"k":0},"o":{"a":0,"k":100,"ix":11}},"ef":[],"shapes":[{"ty":"gr","bm":0,"hd":false,"mn":"ADBE Vector Group","nm":"Group 1","ix":1,"cix":2,"np":2,"it":[{"ty":"sh","bm":0,"hd":false,"mn":"ADBE Vector Shape - Group","nm":"Path 1","ix":1,"d":1,"ks":{"a":0,"k":{"c":true,"i":[[5.221,5.221],[0,0],[-5.221,5.221],[0,0],[-5.221,-5.221],[0,0],[5.221,-5.221],[0,0]],"o":[[0,0],[-5.221,-5.221],[0,0],[5.221,-5.221],[0,0],[5.221,5.221],[0,0],[-5.221,5.221]],"v":[[-9.454,144.724],[-144.724,9.454],[-144.724,-9.453],[-9.454,-144.724],[9.453,-144.724],[144.723,-9.453],[144.723,9.454],[9.453,144.724]]},"ix":2}},{"ty":"fl","bm":0,"hd":false,"mn":"ADBE Vector Graphic - Fill","nm":"Fill 1","c":{"a":0,"k":[1,1,1],"ix":4},"r":1,"o":{"a":0,"k":100,"ix":5}},{"ty":"tr","a":{"a":0,"k":[0,0],"ix":1},"s":{"a":0,"k":[100,100],"ix":3},"sk":{"a":0,"k":0,"ix":4},"p":{"a":0,"k":[246.552,255.748],"ix":2},"r":{"a":0,"k":0,"ix":6},"sa":{"a":0,"k":0,"ix":5},"o":{"a":0,"k":100,"ix":7}}]}],"ind":7},{"ty":4,"nm":"Layer 3","sr":1,"st":0,"op":2700,"ip":0,"hd":false,"ddd":0,"bm":1,"tt":1,"hasMask":false,"ao":0,"ks":{"a":{"a":0,"k":[0,0,0],"ix":1},"s":{"a":1,"k":[{"o":{"x":0.167,"y":0.167},"i":{"x":0.833,"y":0.833},"s":[126.36,126.36,100],"t":0},{"o":{"x":0.167,"y":0.167},"i":{"x":0.833,"y":0.833},"s":[126.36,184.38,100],"t":21},{"o":{"x":0.167,"y":0.167},"i":{"x":0.833,"y":0.833},"s":[126.36,126.36,100],"t":45},{"o":{"x":0.167,"y":0.167},"i":{"x":0.833,"y":0.833},"s":[126.36,126.36,100],"t":143},{"o":{"x":0.167,"y":0.167},"i":{"x":0.833,"y":0.833},"s":[126.36,184.38,100],"t":164},{"s":[126.36,126.36,100],"t":188}],"ix":6},"sk":{"a":0,"k":0},"p":{"a":1,"k":[{"o":{"x":0.333,"y":0.047},"i":{"x":0.667,"y":0.953},"s":[661.866,505.836,0],"t":0,"ti":[0,0,0],"to":[87.518,1.474,0]},{"o":{"x":0.333,"y":0.049},"i":{"x":0.667,"y":0.951},"s":[331.926,505.836,0],"t":143,"ti":[-0.136,-0.002,0],"to":[0,0,0]},{"s":[661.866,505.836,0],"t":281}],"ix":2},"r":{"a":0,"k":0,"ix":10},"sa":{"a":0,"k":0},"o":{"a":0,"k":5,"ix":11}},"ef":[],"shapes":[{"ty":"gr","bm":0,"hd":false,"mn":"ADBE Vector Group","nm":"Group 1","ix":1,"cix":2,"np":2,"it":[{"ty":"sh","bm":0,"hd":false,"mn":"ADBE Vector Shape - Group","nm":"Path 1","ix":1,"d":1,"ks":{"a":0,"k":{"c":true,"i":[[0,0],[9.284,9.284],[0,0],[14.849,-13.258],[0,0],[3.942,3.909],[0,0],[30.849,-28.662],[12.825,-11.186],[5.558,2.424],[2.601,2.601],[0,0],[14.849,-13.258],[0,0],[3.942,3.909],[0,0],[30.849,-28.662],[12.825,-11.186],[5.815,3.191],[12.739,6.885],[0,-29.004],[0,0],[-25.516,13.79],[-8.008,4.394],[-4.999,-4.36],[-23.293,-21.641],[-29.901,29.649],[0,0],[-4.141,-3.698],[0,0],[-14.076,14.076],[0,0],[-3.163,1.658],[-4.635,-4.042],[-23.293,-21.641],[-29.901,29.649],[0,0],[-4.141,-3.698],[0,0],[-14.076,14.076],[0,0],[-12.597,-3.705],[0,0],[0,0]],"o":[[-12.597,3.705],[0,0],[-14.076,-14.076],[0,0],[-4.141,3.698],[0,0],[-29.901,-29.649],[-23.293,21.641],[-4.635,4.042],[-3.163,-1.659],[0,0],[-14.076,-14.076],[0,0],[-4.141,3.698],[0,0],[-29.901,-29.649],[-23.293,21.641],[-4.999,4.36],[-8.008,-4.394],[-25.516,-13.79],[0,0],[0,29.004],[12.739,-6.885],[5.815,-3.191],[12.825,11.186],[30.849,28.662],[0,0],[3.942,-3.909],[0,0],[14.849,13.258],[0,0],[2.601,-2.601],[5.558,-2.424],[12.825,11.186],[30.849,28.662],[0,0],[3.942,-3.909],[0,0],[14.849,13.258],[0,0],[9.284,-9.284],[0,0],[0,0],[0,0]],"v":[[395.434,-12.51],[359.939,-21.561],[350.082,-31.418],[298.541,-32.876],[276.371,-13.081],[261.983,-13.458],[203.691,-71.26],[94.978,-73.022],[33.349,-17.751],[16.651,-15.175],[7.939,-21.561],[-1.918,-31.418],[-53.459,-32.876],[-75.629,-13.081],[-90.017,-13.458],[-148.309,-71.26],[-257.022,-73.022],[-318.651,-17.751],[-336.643,-15.804],[-369.495,-33.703],[-426,0],[-426,0],[-369.495,33.703],[-336.643,15.804],[-318.651,17.751],[-257.022,73.022],[-148.309,71.26],[-90.017,13.458],[-75.629,13.081],[-53.459,32.876],[-1.918,31.418],[7.939,21.561],[16.651,15.176],[33.349,17.751],[94.978,73.022],[203.691,71.26],[261.983,13.458],[276.371,13.081],[298.541,32.876],[350.082,31.418],[359.939,21.561],[395.434,12.51],[426,21.5],[426,-21.5]]},"ix":2}},{"ty":"fl","bm":0,"hd":false,"mn":"ADBE Vector Graphic - Fill","nm":"Fill 1","c":{"a":0,"k":[1,0.3529,0],"ix":4},"r":1,"o":{"a":0,"k":100,"ix":5}},{"ty":"tr","a":{"a":0,"k":[0,0],"ix":1},"s":{"a":0,"k":[100,100],"ix":3},"sk":{"a":0,"k":0,"ix":4},"p":{"a":0,"k":[0,0],"ix":2},"r":{"a":0,"k":0,"ix":6},"sa":{"a":0,"k":0,"ix":5},"o":{"a":0,"k":100,"ix":7}}]}],"ind":8}],"v":"5.9.6","fr":60,"op":282,"ip":0,"assets":[]}